main_item,main_item_volume,neighbor_item,neighbor_volume,concurrence
3690271,3519.75,3219581,0.0,6.802721088435374
3690271,3519.75,3645237,600.0,0.0
3690271,3519.75,4067246,7803.0,0.0
3690271,3519.75,3200674,4276.8,0.0
3690271,3519.75,82765,25025.0,0.0
3934933,5836.8,58314,5100.0,0.0
3934933,5836.8,3353131,2341.344,0.0
3934933,5836.8,3219642,0.0,0.0
3934933,5836.8,3412708,5056.128,0.0
3934933,5836.8,4118902,8550.0,0.0
4302947,52.5,4245104,999.141,6.802721088435374
4302947,52.5,3639626,3360.0,0.0
4302947,52.5,4288209,2184.0,0.0
4302947,52.5,4054823,12000.0,0.0
4302947,52.5,3441724,24871.0,0.0
3612778,200.60000000000002,4037654,18480.960000000003,0.0
3612778,200.60000000000002,3653572,5600.0,0.0
3612778,200.60000000000002,3601418,2707.5,0.0
3612778,200.60000000000002,4216819,12825.0,0.0
3612778,200.60000000000002,4306878,5221.4400000000005,0.0
4102653,336.0,4261976,5244.75,0.0
4102653,336.0,3225815,22990.0,0.0
4102653,336.0,4191429,4654.7119999999995,0.0
4102653,336.0,4198172,5707.52,0.0
4102653,336.0,4262697,7339.32,0.0
3662341,5346.0,3501014,1512.0,0.0
3662341,5346.0,4274973,10404.0,0.0
3662341,5346.0,3641571,1536.0,0.0
3662341,5346.0,4118761,212.8,0.0
3662341,5346.0,4194675,450.0,0.0
3923407,4000.0,25156,3985.44,0.0
3923407,4000.0,3284334,1386.0,0.0
3923407,4000.0,4132873,472.79999999999995,0.0
3923407,4000.0,3439566,18750.0,0.0
3923407,4000.0,3613271,31.319999999999997,0.0
4175216,9548.0,4308289,3600.0,0.0
4175216,9548.0,3682422,1346.7,0.0
4175216,9548.0,4292794,1605.5,0.0
4175216,9548.0,18509,4422.6,0.0
4175216,9548.0,3950922,24990.0,0.0
4044854,13214.880000000001,3674200,11856.0,0.0
4044854,13214.880000000001,4262920,4559.376,0.0
4044854,13214.880000000001,3366852,2418.0,0.0
4044854,13214.880000000001,98225,1800.0,0.0
4044854,13214.880000000001,3283073,2700.0,0.0
4264678,5200.0,4286889,189.00000000000003,0.0
4264678,5200.0,3977655,240.0,0.0
4264678,5200.0,4264268,379.94800000000004,0.0
4264678,5200.0,88808,4004.0,0.0
4264678,5200.0,4252812,133.0,0.0
4138521,782.3199999999999,4204100,10500.0,0.0
4138521,782.3199999999999,4135159,504.0,0.0
4138521,782.3199999999999,4072852,6566.400000000001,0.0
4138521,782.3199999999999,4344431,1568.0,0.0
4138521,782.3199999999999,4351339,8208.0,0.0
3404094,0.0,2070399,28853.550000000003,0.0
3404094,0.0,4323051,2092.5,0.0
3404094,0.0,2046261,21626.880000000005,0.0
3404094,0.0,4007886,576.0,0.0
3404094,0.0,3463779,777.6000000000001,0.0
4332026,34368.75,3634514,684.0,0.0
4332026,34368.75,3637167,6750.0,0.0
4332026,34368.75,3469277,6248.0,0.0
4332026,34368.75,3926815,1078.0,0.0
4332026,34368.75,3293011,1125.0,0.0
33080,820.0,3262366,605.0,0.0
33080,820.0,4288090,36000.0,0.0
33080,820.0,4201226,13275.0,0.0
33080,820.0,4230669,5520.0,0.0
33080,820.0,3491498,64.8,0.0
4254388,297.6,4354543,4264.96,0.0
4254388,297.6,4135133,5958.400000000001,0.0
4254388,297.6,3630970,1536.0,0.0
4254388,297.6,4298876,120.175,0.0
4254388,297.6,4371112,9990.0,0.0
32529,9126.0,12834,282.09999999999997,0.0
32529,9126.0,4121592,1037.875,0.0
32529,9126.0,3632838,15840.0,0.0
32529,9126.0,4109510,88.655,0.0
32529,9126.0,3964986,12672.0,0.0
2013077,1578.5,3683337,9644.67,0.0
2013077,1578.5,4159720,2540.16,0.0
2013077,1578.5,3671633,7148.400000000001,0.0
2013077,1578.5,4135604,8166.4,0.0
2013077,1578.5,3626623,433.2,0.0
3632860,16896.0,2046792,21544.800000000003,0.0
3632860,16896.0,4066122,10250.832000000002,0.0
3632860,16896.0,2086159,6210.0,0.0
3632860,16896.0,85038,708.928,0.0
3632860,16896.0,4055499,459.47200000000004,0.0
3986839,3920.0,3489557,686.0,0.0
3986839,3920.0,4204116,10500.0,0.0
3986839,3920.0,3446505,29568.0,0.0
3986839,3920.0,4217906,5415.0,0.0
3986839,3920.0,3939083,542.5,0.0
4227629,3234.0,3369506,46618.125,0.0
4227629,3234.0,4340181,957.6,0.0
4227629,3234.0,4196736,1216.0,0.0
4227629,3234.0,4085972,203.112,0.0
4227629,3234.0,4090362,310.8,0.0
3385815,530.4,4087402,371.90700000000004,0.0
3385815,530.4,91304,17388.0,0.0
3385815,530.4,3931836,8001.504000000001,0.0
3385815,530.4,3475329,4957.686,0.0
3385815,530.4,4172484,3669.66,0.0
3472642,6552.0,4267624,1640.0,0.0
3472642,6552.0,4315389,5853.36,0.0
3472642,6552.0,3431900,7653.800000000001,0.0
3472642,6552.0,3507134,397.375,0.0
3472642,6552.0,2147891,26460.0,0.0
4289175,922.284,88781,3850.0,0.0
4289175,922.284,3425200,2612.25,0.0
4289175,922.284,3672062,87.5,0.0
4289175,922.284,4261904,5331.312,0.0
4289175,922.284,4158389,617.5,0.0
3199747,1113.21,86385,390.0,0.0
3199747,1113.21,4287273,952.512,0.0
3199747,1113.21,3369648,540.0,0.0
3199747,1113.21,4251171,388.416,0.0
3199747,1113.21,4315309,1905.024,0.0
4287276,688.9889999999999,4223899,1701.5830000000003,0.0
4287276,688.9889999999999,4312550,6160.0,0.0
4287276,688.9889999999999,3928499,2077.65,0.0
4287276,688.9889999999999,4345321,433.2,0.0
4287276,688.9889999999999,4055336,10750.0,0.0
3495120,1553.6639999999998,4116551,703.125,0.0
3495120,1553.6639999999998,3498077,5120.0,0.0
3495120,1553.6639999999998,75638,7500.0,0.0
3495120,1553.6639999999998,4125692,526.5,0.0
3495120,1553.6639999999998,91863,237.60000000000002,0.0
4159739,12509.7,3231335,23040.0,0.0
4159739,12509.7,78004335,792.0,0.0
4159739,12509.7,3934932,5836.8,0.0
4159739,12509.7,4275294,2656.0,0.0
4159739,12509.7,4225986,5077.8,0.0
4291296,8808.960000000001,4314613,2700.0,0.0
4291296,8808.960000000001,4044938,23616.0,0.0
4291296,8808.960000000001,30711,8401.8,0.0
4291296,8808.960000000001,4103219,5616.0,0.0
4291296,8808.960000000001,4265846,105.3,0.0
3903538,918.9950000000001,4276710,180.0,0.0
3903538,918.9950000000001,4061907,4410.0,0.0
3903538,918.9950000000001,53710,2640.0,0.0
3903538,918.9950000000001,3398465,4224.0,0.0
3903538,918.9950000000001,4329962,1835.6799999999998,0.0
4095507,810.0,3364667,438.45000000000005,0.0
4095507,810.0,4063280,14076.0,0.0
4095507,810.0,3235380,7369.5,0.0
4095507,810.0,4179231,3142.125,0.0
4095507,810.0,7315,1109.6,0.0
4322113,2400.0,4139632,1612.875,0.0
4322113,2400.0,3640592,1834.56,0.0
4322113,2400.0,3974933,630.032,0.0
4322113,2400.0,4302493,1368.0,0.0
4322113,2400.0,4061271,7411.824,0.0
3634676,17839.92,4135313,2400.0,0.0
3634676,17839.92,3629850,10200.0,0.0
3634676,17839.92,4354542,2520.0,0.0
3634676,17839.92,4208221,3537.408,0.0
3634676,17839.92,4207465,4795.2,0.0
4290208,160.0,4037647,14061.599999999999,0.0
4290208,160.0,3628337,2640.0,0.0
4290208,160.0,3631395,1368.0,0.0
4290208,160.0,4309948,433.2,0.0
4290208,160.0,4205392,7543.92,0.0
4147945,598.125,3667779,1336.5,0.0
4147945,598.125,35863,35955.0,0.0
4147945,598.125,3639314,1092.0,0.0
4147945,598.125,4323838,1905.024,0.0
4147945,598.125,3674360,962.0,0.0
3467275,28700.0,24276,420.0,0.0
3467275,28700.0,3219404,25200.0,0.0
3467275,28700.0,3651808,1330.0,0.0
3467275,28700.0,4125242,534.75,0.0
3467275,28700.0,3455922,73.5,0.0
53715,4680.0,3440967,4200.0,0.0
53715,4680.0,3977405,18759.0,0.0
53715,4680.0,3154164,18411.0,0.0
53715,4680.0,3617841,1472.0,0.0
53715,4680.0,3383668,4620.0,0.0
3634908,1728.0,28810,2219.52,0.0
3634908,1728.0,3165030,3998.8079999999995,0.0
3634908,1728.0,4365538,739.2629999999999,0.0
3634908,1728.0,4199312,39060.0,0.0
3634908,1728.0,3963665,7107.75,0.0
3415786,12825.0,80181,12852.0,0.0
3415786,12825.0,4198168,203.84,0.0
3415786,12825.0,4259205,700.0,0.0
3415786,12825.0,4303221,162.0,0.0
3415786,12825.0,3697858,2428.7999999999997,0.0
3656100,406.125,4339918,864.0,0.0
3656100,406.125,4174151,2400.0,0.0
3656100,406.125,27460,3549.0,0.0
3656100,406.125,2085953,1504.0,0.0
3656100,406.125,3486018,7680.0,0.0
3688758,66.64,2138420,3302.3999999999996,0.0
3688758,66.64,4227615,1543.5,0.0
3688758,66.64,78004824,805.0,0.0
3688758,66.64,3412845,9607.5,0.0
3688758,66.64,4037673,1133.67,0.0
3460325,54600.0,4196510,882.0,0.0
3460325,54600.0,4250688,176.715,0.0
3460325,54600.0,3416670,270.0,0.0
3460325,54600.0,3638992,214.32600000000002,0.0
3460325,54600.0,78029849,72.0,0.0
4291329,4386.72,4218727,396.0,0.0
4291329,4386.72,3402845,7560.0,0.0
4291329,4386.72,78001656,9072.0,0.0
4291329,4386.72,3484605,4896.0,0.0
4291329,4386.72,4370712,864.0,0.0
4198753,343.0,3205434,13440.0,0.0
4198753,343.0,3643602,392.985,0.0
4198753,343.0,3922312,13446.72,0.0
4198753,343.0,3426326,850.5,0.0
4198753,343.0,3415703,9893.299999999997,0.0
4122812,409.5,4324677,6048.0,0.0
4122812,409.5,4113680,1598.4,0.0
4122812,409.5,4279815,14350.0,0.0
4122812,409.5,3994290,3996.0,0.0
4122812,409.5,3645808,14490.777599999998,0.0
3624025,53762.5,3297408,1383.3600000000001,0.0
3624025,53762.5,3643866,250.0,0.0
3624025,53762.5,4343382,721.0350000000001,0.0
3624025,53762.5,3468716,185.25,0.0
3624025,53762.5,4096143,0.0,0.0
3661124,34560.0,4090118,8960.0,0.0
3661124,34560.0,3341070,420.0,0.0
3661124,34560.0,4272749,3273.6000000000004,0.0
3661124,34560.0,4152769,514.5,0.0
3661124,34560.0,4017525,1156.0,0.0
4115012,204.0,4279818,1025.0,0.0
4115012,204.0,4316740,1377.9779999999998,0.0
4115012,204.0,4214056,11002.068,0.0
4115012,204.0,3698912,22932.0,0.0
4115012,204.0,3692541,5331.744,0.0
3924969,681.72,3009353,2359.56,0.0
3924969,681.72,3413519,1890.0,0.0
3924969,681.72,3921800,1657.0320000000002,0.0
3924969,681.72,2049750,1110.0,0.0
3924969,681.72,2053627,10890.0,0.0
3327837,53821.439999999995,4289392,1905.024,0.0
3327837,53821.439999999995,4006327,474.32000000000005,0.0
3327837,53821.439999999995,3614687,58.5,0.0
3327837,53821.439999999995,4272698,11.904000000000003,0.0
3327837,53821.439999999995,4272729,23.808000000000007,0.0
3406278,4204.799999999999,3969344,6382.152,0.0
3406278,4204.799999999999,3619731,6566.400000000001,0.0
3406278,4204.799999999999,4325082,19250.0,0.0
3406278,4204.799999999999,3969264,1440.0,0.0
3406278,4204.799999999999,4298846,3600.0,0.0
4249855,5077.8,3626624,5198.4,0.0
4249855,5077.8,3469303,25600.0,0.0
4249855,5077.8,16402,3460.832000000001,0.0
4249855,5077.8,4231012,718.24,0.0
4249855,5077.8,4337450,576.0,0.0
46398,8960.0,3408258,534.375,0.0
46398,8960.0,4066556,7927.92,0.0
46398,8960.0,3203422,1047.75,0.0
46398,8960.0,3465904,225.0,0.0
46398,8960.0,3503329,4237.2,0.0
3466348,841.5,4116781,3993.0,0.0
3466348,841.5,3666241,2156.25,0.0
3466348,841.5,4291211,16875.0,0.0
3466348,841.5,3677038,819.0,0.0
3466348,841.5,4038852,1755.0,0.0
4266549,803.2500000000001,3007926,8573.04,0.0
4266549,803.2500000000001,4298972,484.016,0.0
4266549,803.2500000000001,3915993,400.0,0.0
4266549,803.2500000000001,4215240,528.0,0.0
4266549,803.2500000000001,4108551,210.60000000000002,0.0
4299028,1377.9779999999998,3693986,1265.0,0.0
4299028,1377.9779999999998,4167078,2329.6,0.0
4299028,1377.9779999999998,4122159,20412.0,0.0
4299028,1377.9779999999998,4306560,6825.0,0.0
4299028,1377.9779999999998,3368421,546.875,0.0
4058678,44224.399999999994,4292791,401.375,0.0
4058678,44224.399999999994,4062968,214.5,0.0
4058678,44224.399999999994,3255052,422.5,0.0
4058678,44224.399999999994,2072717,3150.0,0.0
4058678,44224.399999999994,4102232,4320.0,0.0
25,21600.0,3677375,5144.25,0.0
25,21600.0,3424313,1193.3999999999999,0.0
25,21600.0,3486631,562.5,0.0
25,21600.0,4274818,363.35,0.0
25,21600.0,3673978,19483.2,0.0
15507,16128.0,4214722,17972.5,0.0
15507,16128.0,4284878,4747.05,0.0
15507,16128.0,4236458,1747.092,0.0
15507,16128.0,3222305,12038.400000000001,0.0
15507,16128.0,4249858,195.3,0.0
4009059,5077.8,3628395,1607.445,0.0
4009059,5077.8,4277251,7350.0,0.0
4009059,5077.8,4299030,1905.024,0.0
4009059,5077.8,4298968,4356.144,0.0
4009059,5077.8,4048574,441.0,0.0
4056932,1087.8000000000002,2038357,3465.6000000000004,0.0
4056932,1087.8000000000002,4275923,5707.52,0.0
4056932,1087.8000000000002,4000323,10872.119999999999,0.0
4056932,1087.8000000000002,3403508,13105.399999999998,0.0
4056932,1087.8000000000002,3613025,1607.445,0.0
3392757,11661.0,2050952,28734.419999999995,0.0
3392757,11661.0,97452,9024.0,0.0
3392757,11661.0,4238111,2904.0,0.0
3392757,11661.0,4293803,880.0,0.0
3392757,11661.0,3634033,1083.0,0.0
4260437,2346.5,4227614,1543.5,0.0
4260437,2346.5,3279582,2296.3199999999997,0.0
4260437,2346.5,3352331,1504.0,0.0
4260437,2346.5,75710,13028.400000000001,0.0
4260437,2346.5,3928180,2948.4,0.0
4287673,5016.0,4068713,412.5,0.0
4287673,5016.0,82761,19200.0,0.0
4287673,5016.0,3394316,1218.375,0.0
4287673,5016.0,4333273,4685.999999999999,0.0
4287673,5016.0,4116901,1679.425,0.0
4307708,5812.5599999999995,4243401,1944.0,0.0
4307708,5812.5599999999995,4249856,5077.8,0.0
4307708,5812.5599999999995,4269242,320.45,0.0
4307708,5812.5599999999995,3658574,875.0,0.0
4307708,5812.5599999999995,4271236,16718.4,0.0
3937847,19585.440000000002,3669121,30240.0,0.0
3937847,19585.440000000002,3385825,705.0,0.0
3937847,19585.440000000002,2160076,2025.0,0.0
3937847,19585.440000000002,3138162,700.0,0.0
3937847,19585.440000000002,4007892,606.9000000000001,0.0
2062462,2574.0000000000005,4135126,212.8,0.0
2062462,2574.0000000000005,4066121,47360.0,0.0
2062462,2574.0000000000005,21004,1846.8,0.0
2062462,2574.0000000000005,2050947,2673.0,0.0
2062462,2574.0000000000005,4142668,455.17499999999995,0.0
3211784,8712.0,3302994,7282.800000000001,0.0
3211784,8712.0,4347949,6825.0,0.0
3211784,8712.0,70525,5557.5,0.0
3211784,8712.0,2122915,13338.0,0.0
3211784,8712.0,75277,625.7040000000001,0.0
4177560,558.6,3660084,271.779,0.0
4177560,558.6,3383341,21600.0,0.0
4177560,558.6,3655120,1591.0,0.0
4177560,558.6,3503784,6240.0,0.0
4177560,558.6,3325471,6000.0,0.0
4233420,40608.0,4332053,3840.0,0.0
4233420,40608.0,4066181,4806.555,0.0
4233420,40608.0,3255795,1472.0,0.0
4233420,40608.0,4331945,2581.6320000000005,0.0
4233420,40608.0,3672063,1050.0,0.0
3635610,840.0,4287360,16900.0,0.0
3635610,840.0,4198173,5707.52,0.0
3635610,840.0,4050645,1389.375,0.0
3635610,840.0,3383508,635.625,0.0
3635610,840.0,4133001,5362.5599999999995,0.0
4322990,1058.4,4235924,3537.408,0.0
4322990,1058.4,3415533,6600.0,0.0
4322990,1058.4,4089918,3194.4000000000005,0.0
4322990,1058.4,4089125,11076.2496,0.0
4322990,1058.4,16230,5062.176,0.0
3955802,5400.0,2003107,14080.0,0.0
3955802,5400.0,3501031,22603.350000000002,0.0
3955802,5400.0,4069129,2070.0,0.0
3955802,5400.0,4301937,438.75,0.0
3955802,5400.0,3455634,900.0,0.0
4137919,1536.0,4341263,297.54,0.0
4137919,1536.0,4352499,1553.6639999999998,0.0
4137919,1536.0,4182593,6854.25,0.0
4137919,1536.0,3329548,468.0,0.0
4137919,1536.0,4324070,379.94800000000004,0.0
3335543,13608.0,3026361,26400.0,0.0
3335543,13608.0,86080,4580.603999999999,0.0
3335543,13608.0,4050746,2788.5,0.0
3335543,13608.0,4108226,4620.8,0.0
3335543,13608.0,78004334,693.0,0.0
4254176,16065.0,4324676,6048.0,0.0
4254176,16065.0,4217682,6480.0,0.0
4254176,16065.0,3644387,2574.528,0.0
4254176,16065.0,3694956,825.0,0.0
4254176,16065.0,3010675,162.0,0.0
3432217,728.0,4114990,17563.391999999996,0.0
3432217,728.0,4268589,1500.0,0.0
3432217,728.0,4304594,5198.4,0.0
3432217,728.0,4035364,18432.0,0.0
3432217,728.0,3474314,12305.280000000002,0.0
3636156,853.875,4027007,4732.0,0.0
3636156,853.875,4295653,22176.0,0.0
3636156,853.875,3986091,13662.0,0.0
3636156,853.875,4244330,9408.0,0.0
3636156,853.875,4250372,4309.5,0.0
3495773,5144.25,3634200,4237.2,0.0
3495773,5144.25,4009451,38000.0,0.0
3495773,5144.25,4168652,2700.0,0.0
3495773,5144.25,4061272,499.85099999999994,0.0
3495773,5144.25,4331135,1728.0,0.0
3358756,1521.0,4229604,11649.215999999999,0.0
3358756,1521.0,4255936,23626.943999999996,0.0
3358756,1521.0,3495702,618.75,0.0
3358756,1521.0,4035891,643.5,0.0
3358756,1521.0,3182857,1848.0,0.0
3294696,7560.0,36560,1248.0,0.0
3294696,7560.0,3908603,3849.2999999999997,0.0
3294696,7560.0,3361889,4160.0,0.0
3294696,7560.0,2131762,1920.0,0.0
3294696,7560.0,4230664,2430.0,0.0
4165145,392.0,3609913,183.70799999999997,0.0
4165145,392.0,4054061,420.0,0.0
4165145,392.0,4048658,322.4045,0.0
4165145,392.0,3681008,6682.5,0.0
4165145,392.0,3605310,1504.0,0.0
3636770,21600.0,3908612,2601.5,0.0
3636770,21600.0,3666058,429.0,0.0
3636770,21600.0,3428530,1653.75,0.0
3636770,21600.0,3658841,1616.24,0.0
3636770,21600.0,53673,10032.0,0.0
3603099,2420.0,4165825,6804.0,0.0
3603099,2420.0,4265844,105.3,0.0
3603099,2420.0,3603637,3881.196000000001,0.0
3603099,2420.0,4198754,456.0,0.0
3603099,2420.0,4137249,4176.0,0.0
3956042,675.0,4351880,1056.25,0.0
3956042,675.0,3643376,792.0,0.0
3956042,675.0,3668858,1251.25,0.0
3956042,675.0,3633235,5328.0,0.0
3956042,675.0,3685654,34440.0,0.0
4309207,519.75,4269959,14229.0,0.0
4309207,519.75,3986838,3920.0,0.0
4309207,519.75,4125461,1176.0,0.0
4309207,519.75,4288377,1075.0,0.0
4309207,519.75,3367494,3906.0,0.0
3493526,972.8000000000001,96983,14040.0,0.0
3493526,972.8000000000001,4279055,238.14,0.0
3493526,972.8000000000001,4307722,13893.75,0.0
3493526,972.8000000000001,2089059,25833.600000000002,0.0
3493526,972.8000000000001,4262409,325.0,0.0
4330914,10224.5,3163111,31584.0,0.0
4330914,10224.5,3357380,2916.0,0.0
4330914,10224.5,4376446,1368.8999999999999,0.0
4330914,10224.5,45105,1008.0,0.0
4330914,10224.5,3619732,6566.400000000001,0.0
4347635,13783.769999999997,39419,614.125,0.0
4347635,13783.769999999997,4284877,474.705,0.0
4347635,13783.769999999997,3605249,195.0,0.0
4347635,13783.769999999997,5164,1620.0,0.0
4347635,13783.769999999997,2095906,8960.0,0.0
4257355,7075.6,98056,5340.599999999999,0.0
4257355,7075.6,4252816,133.0,0.0
4257355,7075.6,4074179,990.0,0.0
4257355,7075.6,4049946,5528.25,0.0
4257355,7075.6,4053758,88.655,0.0
4221355,11855.339999999998,96982,14040.0,0.0
4221355,11855.339999999998,3332809,23310.0,0.0
4221355,11855.339999999998,4264579,922.284,0.0
4221355,11855.339999999998,4137916,1536.0,0.0
4221355,11855.339999999998,3684254,3939.8399999999992,0.0
4076240,1053.0,4267337,568.575,0.0
4076240,1053.0,4286293,3003.0,0.0
4076240,1053.0,4231569,11369.6,0.0
4076240,1053.0,2126636,29597.399999999994,0.0
4076240,1053.0,3049629,2295.0,0.0
67395,878.85,3660972,25536.0,0.0
67395,878.85,3062838,1848.0,0.0
67395,878.85,4257353,884.45,0.0
67395,878.85,4197751,19800.0,0.0
67395,878.85,4116757,3240.0,0.0
2073803,8960.0,3297658,4900.0,0.0
2073803,8960.0,3190693,15120.0,0.0
2073803,8960.0,4257872,4758.0,0.0
2073803,8960.0,16319,1417.5,0.0
2073803,8960.0,3685272,3150.0,0.0
3505551,4449.2,3017958,1452.0,0.0
3505551,4449.2,4287370,2341.75,0.0
3505551,4449.2,4213985,952.512,0.0
3505551,4449.2,4250761,729.0,0.0
3505551,4449.2,3630461,177.09999999999997,0.0
4310735,4687.5,3412317,759.5,0.0
4310735,4687.5,2126653,43200.0,0.0
4310735,4687.5,3219401,1104.0,0.0
4310735,4687.5,4346666,4276.8,0.0
4310735,4687.5,4272379,1183.0,0.0
3915832,50000.0,4050805,3750.0,0.0
3915832,50000.0,3606503,490.0,0.0
3915832,50000.0,4326922,1641.6000000000001,0.0
3915832,50000.0,3921044,101.85,0.0
3915832,50000.0,4357770,149.76,0.0
4315665,8619.0,3663372,5056.128,0.0
4315665,8619.0,3992161,11760.0,0.0
4315665,8619.0,4297132,3900.0,0.0
4315665,8619.0,3327872,10086.447999999999,0.0
4315665,8619.0,4008786,450.0,0.0
3940555,1350.0,4321942,455.70000000000005,0.0
3940555,1350.0,75726,53200.0,0.0
3940555,1350.0,3438145,527.2800000000001,0.0
3940555,1350.0,4127356,426.33700000000005,0.0
3940555,1350.0,4118781,212.8,0.0
3460864,8960.0,4370999,600.9439999999998,0.0
3460864,8960.0,2084763,17280.0,0.0
3460864,8960.0,4293292,1458.0,0.0
3460864,8960.0,4364665,882.0059999999999,0.0
3460864,8960.0,4122295,4950.0,0.0
2053660,850.5,3411543,1249.5,0.0
2053660,850.5,3659314,4394.0,0.0
2053660,850.5,4292377,5077.8,0.0
2053660,850.5,4109830,4560.0,0.0
2053660,850.5,3906892,6334.992,0.0
4095200,51750.0,3479534,2247.75,0.0
4095200,51750.0,3495094,491.575,0.0
4095200,51750.0,4279059,238.14,0.0
4095200,51750.0,4121223,136.752,0.0
4095200,51750.0,2082206,528.0,0.0
3485963,6840.0,4009330,613.312,0.0
3485963,6840.0,2065335,11805.9,0.0
3485963,6840.0,4149914,12355.2,0.0
3485963,6840.0,3465555,10240.0,0.0
3485963,6840.0,3979650,7819.728,0.0
4278675,342.0,4284436,5843.040000000001,0.0
4278675,342.0,4228801,4860.0,0.0
4278675,342.0,4208438,10944.0,0.0
4278675,342.0,4340732,5832.0,0.0
4278675,342.0,4157702,12600.0,0.0
80182,12852.0,4025408,15876.0,0.0
80182,12852.0,3424970,12026.880000000001,0.0
80182,12852.0,3947753,294.40000000000003,0.0
80182,12852.0,4080944,4422.44,0.0
80182,12852.0,3352976,947.625,0.0
3959234,220.5,76001,722.0,0.0
3959234,220.5,4252382,3010.5599999999995,0.0
3959234,220.5,3651188,7905.9,0.0
3959234,220.5,3671742,21560.0,0.0
3959234,220.5,3650732,1134.0,0.0
3385945,145.6,78006726,2312.0,0.0
3385945,145.6,4247221,283.91999999999996,0.0
3385945,145.6,3981613,1638.0,0.0
3385945,145.6,4288277,780.0,0.0
3385945,145.6,3664094,15600.0,0.0
21435,12852.0,3906213,6773.76,0.0
21435,12852.0,3358963,17328.0,0.0
21435,12852.0,4050483,9936.0,0.0
21435,12852.0,3380222,3250.0,0.0
21435,12852.0,3642963,272.0,0.0
4137917,1536.0,3406629,9037.56,0.0
4137917,1536.0,3632899,16896.0,0.0
4137917,1536.0,3348646,467.5,0.0
4137917,1536.0,41334,7221.6,0.0
4137917,1536.0,3984702,4788.0,0.0
4045601,6555.285,4255500,7776.0,0.0
4045601,6555.285,3418513,10080.0,0.0
4045601,6555.285,4121607,1037.875,0.0
4045601,6555.285,3383697,770.0,0.0
4045601,6555.285,4304314,246.39999999999998,0.0
3980249,1966.2000000000003,4122051,801.9000000000001,0.0
3980249,1966.2000000000003,18136,155.4,0.0
3980249,1966.2000000000003,27980,7098.0,0.0
3980249,1966.2000000000003,3248992,7093.650000000001,0.0
3980249,1966.2000000000003,4327536,481.312,0.0
4256836,15640.0,4217782,9292.8,0.0
4256836,15640.0,3645521,3711.3119999999994,0.0
4256836,15640.0,3338246,7065.959999999999,0.0
4256836,15640.0,4141118,1053.6900000000003,0.0
4256836,15640.0,3203090,2574.528,0.0
4249686,502.77500000000003,3634638,7624.319999999999,0.0
4249686,502.77500000000003,4097508,750.0,0.0
4249686,502.77500000000003,4035228,715.6800000000001,0.0
4249686,502.77500000000003,4025840,14280.0,0.0
4249686,502.77500000000003,4287125,3024.0,0.0
4249109,13572.0,3766,11220.0,0.0
4249109,13572.0,3607262,11760.0,0.0
4249109,13572.0,3424506,3668.5,0.0
4249109,13572.0,3065062,4828.95,0.0
4249109,13572.0,3488053,2400.0,0.0
4174006,2419.2000000000003,4333821,12150.0,0.0
4174006,2419.2000000000003,4110619,297.0,0.0
4174006,2419.2000000000003,4264266,317.52,0.0
4174006,2419.2000000000003,43751,2221.7999999999997,0.0
4174006,2419.2000000000003,7662,6307.840000000001,0.0
3231230,21318.0,4118775,212.8,0.0
3231230,21318.0,4045383,12312.0,0.0
3231230,21318.0,4050870,7496.5,0.0
3231230,21318.0,4256868,4177.200000000001,0.0
3231230,21318.0,4165208,2000.0,0.0
3435145,422.5,78030901,1330.0,0.0
3435145,422.5,3466436,15093.0,0.0
3435145,422.5,4096940,5470.799999999999,0.0
3435145,422.5,3641572,965.675,0.0
3435145,422.5,4280852,3571.2000000000007,0.0
3404095,0.0,4331137,1008.0,0.0
3404095,0.0,35242,4537.5,0.0
3404095,0.0,4318836,952.512,0.0
3404095,0.0,4308287,4680.0,0.0
3404095,0.0,3688000,759.0,0.0
4145005,6327.360000000001,3682137,174.8,0.0
4145005,6327.360000000001,71250,11437.599999999999,0.0
4145005,6327.360000000001,3634677,13864.5,0.0
4145005,6327.360000000001,3468690,4762.799999999999,0.0
4145005,6327.360000000001,4298986,4356.144,0.0
4327390,4360.2,4334683,211.25,0.0
4327390,4360.2,3337825,369.0,0.0
4327390,4360.2,3438199,2418.0,0.0
4327390,4360.2,2122919,24829.199999999997,0.0
4327390,4360.2,17885,4760.999999999999,0.0
3431272,690.0,3396534,618.75,0.0
3431272,690.0,3366853,302.25,0.0
3431272,690.0,4249413,4255.308000000001,0.0
3431272,690.0,3483430,648.0,0.0
3431272,690.0,17337,31.5,0.0
3600114,2964.0,3439042,15912.0,0.0
3600114,2964.0,2037765,2898.0,0.0
3600114,2964.0,3279267,360.0,0.0
3600114,2964.0,4249853,10155.6,0.0
3600114,2964.0,3403476,4860.0,0.0
3944531,8064.0,4208936,220.5,0.0
3944531,8064.0,4274174,666.792,0.0
3944531,8064.0,4366772,203.84,0.0
3944531,8064.0,4215667,1968.0,0.0
3944531,8064.0,15212,420.0,0.0
4229369,16003.008000000002,4353876,22789.55,0.0
4229369,16003.008000000002,3672506,2718.7499999999995,0.0
4229369,16003.008000000002,69728,1553.6639999999998,0.0
4229369,16003.008000000002,4138009,740.5199999999999,0.0
4229369,16003.008000000002,4239070,1352.3999999999999,0.0
80184,222.0,3439932,441.0,0.0
80184,222.0,3352425,177.09999999999997,0.0
80184,222.0,3644549,434.496,0.0
80184,222.0,3932407,393.75,0.0
80184,222.0,3466855,1653.0,0.0
4233421,40608.0,4250726,3200.0,0.0
4233421,40608.0,3270265,127.5,0.0
4233421,40608.0,3451168,1710.0,0.0
4233421,40608.0,3656938,567.0,0.0
4233421,40608.0,4109120,82.5,0.0
4063284,614.25,4299010,4164.048,0.0
4063284,614.25,3680627,1075.0,0.0
4063284,614.25,4310207,16000.0,0.0
4063284,614.25,4027256,12717.924000000003,0.0
4063284,614.25,3979827,5200.0,0.0
3601193,19000.0,3452758,1382.3999999999999,0.0
3601193,19000.0,4266462,1898.4375,0.0
3601193,19000.0,3383509,635.625,0.0
3601193,19000.0,4352047,833.0,0.0
3601193,19000.0,3614555,2310.0,0.0
3501709,13860.720000000001,2058753,3826.6,0.0
3501709,13860.720000000001,4311538,376.40599999999995,0.0
3501709,13860.720000000001,15105,4290.0,0.0
3501709,13860.720000000001,23035,1050.0,0.0
3501709,13860.720000000001,4206826,1156.0,0.0
3631962,393.25,3454742,630.0,0.0
3631962,393.25,3488298,143.75,0.0
3631962,393.25,4298992,4164.048,0.0
3631962,393.25,90937,3045.0,0.0
3631962,393.25,3231481,24300.0,0.0
4067928,10986.8,4261639,2835.0,0.0
4067928,10986.8,3331436,1109.4599999999998,0.0
4067928,10986.8,4070329,19841.052,0.0
4067928,10986.8,3963627,6378.75,0.0
4067928,10986.8,4262694,7339.319999999999,0.0
3986506,4410.0,4135130,212.8,0.0
3986506,4410.0,3628394,1607.445,0.0
3986506,4410.0,4291317,1184.3999999999999,0.0
3986506,4410.0,4148798,144.531,0.0
3986506,4410.0,16038,12000.0,0.0
4297007,2565.0,4199732,1159.2,0.0
4297007,2565.0,3364386,8400.0,0.0
4297007,2565.0,4234990,505.2959999999999,0.0
4297007,2565.0,4192784,37324.8,0.0
4297007,2565.0,4370804,5904.0,0.0
3654101,15960.0,44323,28331.888,0.0
3654101,15960.0,3062813,684.0,0.0
3654101,15960.0,3495082,1781.1200000000001,0.0
3654101,15960.0,4329953,1752.24,0.0
3654101,15960.0,3682413,3750.0,0.0
3496904,5958.400000000001,3617351,4687.200000000001,0.0
3496904,5958.400000000001,4158482,1374.0749999999998,0.0
3496904,5958.400000000001,4105456,1487.5,0.0
3496904,5958.400000000001,29608,1216.0,0.0
3496904,5958.400000000001,4147285,737.2800000000001,0.0
4295622,1491.42,4289299,1215.0,0.0
4295622,1491.42,3361891,4160.0,0.0
4295622,1491.42,3471166,9896.58,0.0
4295622,1491.42,3231330,10890.0,0.0
4295622,1491.42,2153858,5568.0,0.0
3492564,6520.8,4295038,3300.0,0.0
3492564,6520.8,3450417,20625.0,0.0
3492564,6520.8,4298329,15243.095999999998,0.0
3492564,6520.8,3340581,1464.75,0.0
3492564,6520.8,3405500,274.05000000000007,0.0
3660145,21600.0,4046890,2346.0,0.0
3660145,21600.0,4311962,197.47200000000004,0.0
3660145,21600.0,4280689,295.974,0.0
3660145,21600.0,3013064,5386.8,0.0
3660145,21600.0,2084134,12441.6,0.0
3934851,38587.5,3605027,2380.0,0.0
3934851,38587.5,3491262,833.0,0.0
3934851,38587.5,4324116,9900.0,0.0
3934851,38587.5,4272727,2800.0,0.0
3934851,38587.5,3499706,1080.0,0.0
4301034,1678.464,3682531,1408.0,0.0
4301034,1678.464,78006242,273.0,0.0
4301034,1678.464,3396617,24552.0,0.0
4301034,1678.464,4034943,8250.0,0.0
4301034,1678.464,2085836,10260.0,0.0
78029909,227.5,3198643,4131.2699999999995,0.0
78029909,227.5,3231302,16830.0,0.0
78029909,227.5,3603170,972.8000000000001,0.0
78029909,227.5,4231132,5342.9,0.0
78029909,227.5,4263249,931.0,0.0
3486034,546.1400000000001,3680731,5144.25,0.0
3486034,546.1400000000001,4221352,379.94800000000004,0.0
3486034,546.1400000000001,4056912,341.25,0.0
3486034,546.1400000000001,3406446,7315.0,0.0
3486034,546.1400000000001,4249872,5077.8,0.0
49076,341.32,18174,9660.0,0.0
49076,341.32,4316742,1905.024,0.0
49076,341.32,3192865,2688.0,0.0
49076,341.32,3389323,974.268,0.0
49076,341.32,3900622,310.5,0.0
3386024,3080.0,3481382,1912.5,0.0
3386024,3080.0,4221491,10240.0,0.0
3386024,3080.0,3927598,7148.699999999999,0.0
3386024,3080.0,3198878,864.0,0.0
3386024,3080.0,4262140,121.67999999999999,0.0
4332703,787.5,3955171,12936.0,0.0
4332703,787.5,3430150,546.875,0.0
4332703,787.5,3335495,1100.0,0.0
4332703,787.5,4299789,1020.0,0.0
4332703,787.5,4269692,12544.0,0.0
2126687,24000.0,3644527,2324.256,0.0
2126687,24000.0,4009452,13949.599999999999,0.0
2126687,24000.0,3394126,1527.5,0.0
2126687,24000.0,60867,6591.374999999999,0.0
2126687,24000.0,20063,7369.5,0.0
2110615,1288.0,4121609,12454.5,0.0
2110615,1288.0,45282,5872.5,0.0
2110615,1288.0,4137411,329.54999999999995,0.0
2110615,1288.0,3496905,195.3,0.0
2110615,1288.0,3906891,716.967,0.0
4317626,2381.2799999999997,2131109,12558.0,0.0
4317626,2381.2799999999997,3652233,9838.4,0.0
4317626,2381.2799999999997,4055216,14409.599999999999,0.0
4317626,2381.2799999999997,69726,1193.3999999999999,0.0
4317626,2381.2799999999997,4158452,1024.0,0.0
4078445,1167.25,4079047,7369.5,0.0
4078445,1167.25,4129879,462.5,0.0
4078445,1167.25,3384223,6750.0,0.0
4078445,1167.25,4049944,325.125,0.0
4078445,1167.25,4322939,7543.92,0.0
11750,1840.0,4175976,623.691,0.0
11750,1840.0,4216949,53760.0,0.0
11750,1840.0,3661297,49.5,0.0
3687989,30360.0,4146100,1053.0,0.0
3687989,30360.0,4068699,480.0,0.0
3687989,30360.0,2058043,2730.56,0.0
3687989,30360.0,3632651,16245.0,0.0
3687989,30360.0,4074180,247.5,0.0
84652,4760.0,3692818,195.3,0.0
84652,4760.0,4045665,253.00000000000003,0.0
84652,4760.0,3483307,3124.8,0.0
84652,4760.0,3922214,312.5,0.0
84652,4760.0,3939903,500.0,0.0
4353020,385.875,4322017,1377.9779999999998,0.0
4353020,385.875,3614714,3888.0,0.0
4353020,385.875,4249306,4018.3920000000007,0.0
4353020,385.875,2105514,22680.0,0.0
4353020,385.875,4235789,501.75999999999993,0.0
4310572,3407.5,3617432,178.99200000000005,0.0
4310572,3407.5,3483427,7776.0,0.0
4310572,3407.5,4266111,25920.0,0.0
4310572,3407.5,3491618,273.0,0.0
4310572,3407.5,3476099,11287.5,0.0
3279070,900.0,4093286,703.9499999999999,0.0
3279070,900.0,3601164,5760.0,0.0
3279070,900.0,3936418,614.304,0.0
3279070,900.0,3654694,3675.0,0.0
3279070,900.0,46390,6776.0,0.0
3456395,26112.0,3953836,3520.0,0.0
3456395,26112.0,67047,4276.8,0.0
3456395,26112.0,4353591,9720.0,0.0
3456395,26112.0,3445265,2099.2,0.0
3456395,26112.0,4291718,133.225,0.0
4299031,1377.9779999999998,4204989,1460.7600000000002,0.0
4299031,1377.9779999999998,3689648,1040.625,0.0
4299031,1377.9779999999998,4345302,421.344,0.0
4299031,1377.9779999999998,3379713,3250.0,0.0
4299031,1377.9779999999998,4027837,500.0,0.0
4308790,13115.76,3623327,783.9,0.0
4308790,13115.76,4189744,263.25,0.0
4308790,13115.76,4072352,754.3919999999998,0.0
4308790,13115.76,4012050,6384.0,0.0
4308790,13115.76,3948578,7699.23,0.0
3200024,1064.0,3623197,21600.0,0.0
3200024,1064.0,3422802,190.575,0.0
3200024,1064.0,3914348,4548.192,0.0
3200024,1064.0,4033776,1728.0,0.0
3200024,1064.0,2157147,10692.0,0.0
3663531,7488.0,4244329,8439.75,0.0
3663531,7488.0,4325218,3893.7599999999998,0.0
3663531,7488.0,3395342,1690.5,0.0
3663531,7488.0,78009909,500.0,0.0
3663531,7488.0,4256835,20480.0,0.0
3314610,1400.0,3922315,394.875,0.0
3314610,1400.0,4101229,11092.5,0.0
3314610,1400.0,4135134,5958.400000000001,0.0
3314610,1400.0,3436716,208.32000000000002,0.0
3314610,1400.0,4321412,4525.248,0.0
3376242,13304.249999999998,4038850,292.5,0.0
3376242,13304.249999999998,32120,2079.0,0.0
3376242,13304.249999999998,4347972,365.75,0.0
3376242,13304.249999999998,4333824,8448.0,0.0
3376242,13304.249999999998,3140747,5913.599999999999,0.0
2057837,1596.0,4204889,495.0,0.0
2057837,1596.0,4363403,1143.0,0.0
2057837,1596.0,4116553,4218.75,0.0
2057837,1596.0,3637008,2380.32,0.0
2057837,1596.0,4241221,345.15000000000003,0.0
3645807,14585.34,4349335,718.25,0.0
3645807,14585.34,3456934,13860.720000000001,0.0
3645807,14585.34,4277252,735.0,0.0
3645807,14585.34,4305783,3811.5,0.0
3645807,14585.34,4337954,1401.6,0.0
30648,80.60000000000001,3907553,828.75,0.0
30648,80.60000000000001,4087748,9216.0,0.0
30648,80.60000000000001,3432532,30800.0,0.0
30648,80.60000000000001,3496234,1617.0,0.0
30648,80.60000000000001,4201057,800.36,0.0
4270701,7383.551999999998,4221674,13860.0,0.0
4270701,7383.551999999998,10234,1595.0,0.0
4270701,7383.551999999998,3617315,10559.25,0.0
4270701,7383.551999999998,4222373,675.0,0.0
4270701,7383.551999999998,4066615,5958.400000000001,0.0
3301142,18000.0,3633950,1598.625,0.0
3301142,18000.0,4298983,10490.699999999999,0.0
3301142,18000.0,3698785,189.0,0.0
3301142,18000.0,4309033,7201.950000000001,0.0
3301142,18000.0,3177381,1176.0,0.0
4331648,5666.76,3977406,18759.0,0.0
4331648,5666.76,4102088,13522.944,0.0
4331648,5666.76,3613024,1561.518,0.0
4331648,5666.76,4177752,558.6,0.0
4331648,5666.76,3633467,440.0,0.0
2102996,27720.0,4370045,4559.376,0.0
2102996,27720.0,3669210,18933.600000000002,0.0
2102996,27720.0,4286641,1368.0,0.0
2102996,27720.0,45944,279.45,0.0
2102996,27720.0,78006633,2106.0,0.0
3691087,9296.586000000001,4102507,11421.0,0.0
3691087,9296.586000000001,4081997,494.0,0.0
3691087,9296.586000000001,4059494,3130.4,0.0
3691087,9296.586000000001,97229,418.32000000000005,0.0
3691087,9296.586000000001,4237060,1028.5,0.0
4196826,3312.0,4293507,6120.0,0.0
4196826,3312.0,2047206,35376.0,0.0
4196826,3312.0,4243048,6384.0,0.0
4196826,3312.0,4298971,484.016,0.0
4196826,3312.0,4266514,768.0,0.0
4135603,2160.0,3459984,541.5,0.0
4135603,2160.0,4249861,10155.6,0.0
4135603,2160.0,4002293,10155.6,0.0
4135603,2160.0,3432542,6411.6224999999995,0.0
4135603,2160.0,4037652,18431.28,0.0
3364200,18354.0,3328055,1642.3560000000002,0.0
3364200,18354.0,3472641,5616.0,0.0
3364200,18354.0,3346238,9970.5,0.0
3364200,18354.0,4318771,1215.0,0.0
3364200,18354.0,2071595,2975.3999999999996,0.0
4261158,10111.104000000001,18510,1353.984,0.0
4261158,10111.104000000001,3659410,360.0,0.0
4261158,10111.104000000001,3625278,3000.0,0.0
4261158,10111.104000000001,3407483,135.0,0.0
4261158,10111.104000000001,3264083,8729.423999999999,0.0
4249876,5077.8,3620512,585.9,0.0
4249876,5077.8,4255777,2540.16,0.0
4249876,5077.8,3442578,7639.92,0.0
4249876,5077.8,4105496,212.8,0.0
4249876,5077.8,2085872,2717.0,0.0
3301635,56000.0,3668930,230.39999999999998,0.0
3696989,25920.0,4027249,9883.800000000001,0.0
3696989,25920.0,4259991,1840.0,0.0
3696989,25920.0,3624480,7245.0,0.0
3696989,25920.0,4262559,5163.75,0.0
3696989,25920.0,3501015,4276.8,0.0
4305605,203.28000000000003,4298877,1782.0,0.0
4305605,203.28000000000003,3926818,3349.5,0.0
4305605,203.28000000000003,3682898,1080.0,0.0
4305605,203.28000000000003,4194065,1600.0,0.0
4305605,203.28000000000003,3659096,1046.5,0.0
3497593,17160.0,3970108,25425.0,0.0
3497593,17160.0,4249864,10155.6,0.0
3497593,17160.0,9922,1372.8,0.0
3497593,17160.0,4058092,1008.5999999999999,0.0
3497593,17160.0,4384745,919.0800000000002,0.0
4008109,5332.799999999999,3429583,4237.2,0.0
4008109,5332.799999999999,2057831,8482.5,0.0
4008109,5332.799999999999,4009065,5077.8,0.0
4008109,5332.799999999999,2103012,8631.168000000001,0.0
4008109,5332.799999999999,3188099,4633.2,0.0
3443625,13372.139999999998,4069652,12996.0,0.0
3443625,13372.139999999998,3625195,2341.344,0.0
3443625,13372.139999999998,4275416,672.0,0.0
3443625,13372.139999999998,4096400,4985.25,0.0
3443625,13372.139999999998,3197858,274.05000000000007,0.0
3644757,92.5,4055071,2016.0,0.0
3644757,92.5,3976387,2514.2999999999997,0.0
3644757,92.5,4301136,665.0,0.0
3644757,92.5,41891,6528.0,0.0
3644757,92.5,2071819,4252.5,0.0
2057829,21840.0,3418507,4139.52,0.0
2057829,21840.0,4073541,1407.924,0.0
2057829,21840.0,62758,1176.0,0.0
2057829,21840.0,3611870,15960.0,0.0
2057829,21840.0,3010670,75.0,0.0
3683622,1265.0,22246,355.52000000000004,0.0
3683622,1265.0,4086769,5400.0,0.0
3683622,1265.0,4087688,175.2,0.0
3683622,1265.0,4348239,4800.0,0.0
3683622,1265.0,4363803,950.0,0.0
4008047,1380.0,17342,2191.2,0.0
4008047,1380.0,3638365,3400.0,0.0
4008047,1380.0,3346615,370.03999999999996,0.0
4008047,1380.0,3246773,2295.0,0.0
4008047,1380.0,3649730,4516.5599999999995,0.0
4102295,1929.375,4287533,21687.75,0.0
4102295,1929.375,4072870,11198.502,0.0
4102295,1929.375,4262136,121.67999999999999,0.0
4102295,1929.375,4241323,141.12,0.0
4102295,1929.375,3694867,14280.0,0.0
78007176,156.0,3139991,5184.0,0.0
78007176,156.0,4293350,942.5,0.0
78007176,156.0,4282741,17242.308,0.0
78007176,156.0,4087719,320.65,0.0
78007176,156.0,4173496,2384.25,0.0
3387473,254.925,3646881,1463.0,0.0
3387473,254.925,3498080,1280.64,0.0
3387473,254.925,4338163,4408.0,0.0
3387473,254.925,44849,6510.816,0.0
3387473,254.925,3632839,15840.0,0.0
4353523,156.0,45954,10395.0,0.0
4353523,156.0,3235377,7369.5,0.0
4353523,156.0,4208524,2304.0,0.0
4353523,156.0,78004336,231.0,0.0
4353523,156.0,3239385,23751.0,0.0
4349036,3900.0,4037452,9201.599999999999,0.0
4349036,3900.0,48815,1530.0,0.0
4349036,3900.0,4200975,825.0,0.0
4349036,3900.0,4287539,34344.0,0.0
4349036,3900.0,2162060,1470.0,0.0
4255956,9361.5,3035242,2268.0,0.0
4255956,9361.5,2160063,6075.0,0.0
4255956,9361.5,4311542,376.40599999999995,0.0
4255956,9361.5,4091684,9241.6,0.0
4255956,9361.5,3469477,13705.199999999999,0.0
3487310,187.5,78010258,253.5,0.0
3487310,187.5,3696941,5460.0,0.0
3487310,187.5,4307230,1344.0,0.0
3487310,187.5,3695292,27648.0,0.0
3487310,187.5,4152129,10624.44,0.0
4000350,9024.0,4235595,17392.32,0.0
4000350,9024.0,4279805,14350.0,0.0
4000350,9024.0,4327535,481.312,0.0
4000350,9024.0,2134542,8640.0,0.0
4000350,9024.0,4192760,1555.2,0.0
2103033,9883.800000000001,8065,17388.0,0.0
2103033,9883.800000000001,4038855,413.772,0.0
2103033,9883.800000000001,3378621,1053.0,0.0
2103033,9883.800000000001,3184339,8100.0,0.0
2103033,9883.800000000001,4109505,88.655,0.0
3173468,7980.144,62581,882.0,0.0
3173468,7980.144,4299004,758.1,0.0
3173468,7980.144,3480976,800.0,0.0
3173468,7980.144,4315310,1377.9779999999998,0.0
3173468,7980.144,3452284,240.0,0.0
4363718,81.0,4025410,15876.0,0.0
4363718,81.0,3467389,3809.5560000000005,0.0
4363718,81.0,4230658,1543.5,0.0
4363718,81.0,4098808,490.0,0.0
4363718,81.0,4280649,2730.56,0.0
3302995,7282.800000000001,2170768,1372.8,0.0
3302995,7282.800000000001,3986837,3920.0,0.0
3302995,7282.800000000001,4153636,15810.799999999997,0.0
3302995,7282.800000000001,4134961,6566.400000000001,0.0
3302995,7282.800000000001,4303960,20880.0,0.0
4260755,3150.0,3206240,20479.2,0.0
4260755,3150.0,3604684,544.5,0.0
4260755,3150.0,3363850,3206.3999999999996,0.0
4260755,3150.0,4036451,8160.0,0.0
4260755,3150.0,3613213,192.0,0.0
3964790,10668.0,4113326,3840.0,0.0
3964790,10668.0,4087121,1012.5,0.0
3964790,10668.0,4094189,1600.0,0.0
3964790,10668.0,4037646,585.9,0.0
3964790,10668.0,2139777,1690.0,0.0
4292792,401.375,4296262,1540.0,0.0
4292792,401.375,4265983,162.75,0.0
4292792,401.375,4066609,5958.400000000001,0.0
4292792,401.375,4066610,5958.400000000001,0.0
4292792,401.375,4147662,2268.0,0.0
4304882,4116.0,4301013,309.67199999999997,0.0
4304882,4116.0,4335332,576.0,0.0
4304882,4116.0,4101183,8447.4,0.0
4304882,4116.0,3157836,6300.0,0.0
4304882,4116.0,3395099,102.0,0.0
2131371,2730.56,3699960,2106.0,0.0
2131371,2730.56,4095201,2156.25,0.0
2131371,2730.56,4092264,5400.0,0.0
2131371,2730.56,4151856,1852.5,0.0
2131371,2730.56,3472180,10800.0,0.0
4054599,3861.0,3653933,1302.0,0.0
4054599,3861.0,3929,409.5,0.0
4054599,3861.0,57375,11914.5,0.0
4054599,3861.0,4312739,1195.6,0.0
4054599,3861.0,4118771,212.8,0.0
4347956,1968.0,3669213,18933.600000000002,0.0
4347956,1968.0,4236800,297.5,0.0
4347956,1968.0,4295601,1640.0,0.0
4347956,1968.0,4201194,29600.48,0.0
4347956,1968.0,3407481,1080.0,0.0
4351744,1218.672,4266515,6019.2,0.0
4351744,1218.672,3198641,4131.2699999999995,0.0
4351744,1218.672,4259990,1840.0,0.0
4351744,1218.672,3338826,21600.0,0.0
4351744,1218.672,3606461,3400.0,0.0
4235324,688.9889999999999,4332884,8624.0,0.0
4235324,688.9889999999999,4332451,6384.0,0.0
4235324,688.9889999999999,3276842,6345.0,0.0
4235324,688.9889999999999,3644563,7632.0,0.0
4235324,688.9889999999999,4249478,5342.9,0.0
4312266,31257.6,4137488,9405.0,0.0
4312266,31257.6,4174763,2304.0,0.0
4312266,31257.6,4275295,2656.0,0.0
4312266,31257.6,4118844,207.0,0.0
4312266,31257.6,3986508,1824.0,0.0
3411329,7593.75,53020,29952.0,0.0
3411329,7593.75,4322737,406.125,0.0
3411329,7593.75,4347952,4590.0,0.0
3411329,7593.75,4354093,7448.0,0.0
3411329,7593.75,3624438,5472.0,0.0
3684909,3754.4,70526,6864.0,0.0
3684909,3754.4,78034294,324.0,0.0
3684909,3754.4,3422693,36480.0,0.0
3684909,3754.4,4293252,372.0,0.0
3684909,3754.4,4286008,2213.75,0.0
4287007,1504.8,4266096,16716.96,0.0
4287007,1504.8,3656937,567.0,0.0
4287007,1504.8,4090904,7425.0,0.0
4287007,1504.8,4249316,568.575,0.0
4287007,1504.8,4066605,5958.400000000001,0.0
4235929,589.568,4271634,252.0,0.0
4235929,589.568,3670825,379.525,0.0
4235929,589.568,2043716,165.0,0.0
4235929,589.568,4225855,526.5,0.0
4235929,589.568,4106388,13872.0,0.0
3368414,546.875,4289394,952.512,0.0
3368414,546.875,4274234,4856.544000000001,0.0
3368414,546.875,3908600,4692.4800000000005,0.0
3368414,546.875,5051,8640.0,0.0
3368414,546.875,3460853,1500.0,0.0
4179988,5077.8,3611543,30685.0,0.0
4179988,5077.8,3953457,3290.0,0.0
4179988,5077.8,3060608,7952.495999999999,0.0
4179988,5077.8,4307643,3250.0,0.0
4179988,5077.8,3495704,522.0,0.0
3631966,12168.0,3662629,499.125,0.0
3631966,12168.0,4277256,15428.0,0.0
3631966,12168.0,3694097,5231.25,0.0
3631966,12168.0,4241319,627.75,0.0
3631966,12168.0,4308168,283.452,0.0
3603635,2381.4,3235374,7369.5,0.0
3603635,2381.4,2057839,15960.0,0.0
3603635,2381.4,3962298,5376.0,0.0
3603635,2381.4,3450465,680.0,0.0
3603635,2381.4,3624671,12600.0,0.0
4105769,37801.399999999994,3025963,1148.0,0.0
4105769,37801.399999999994,4174182,953.25,0.0
4105769,37801.399999999994,4328959,1139.25,0.0
4105769,37801.399999999994,3400349,12096.0,0.0
